{
  "acc_x_max": 0.3873422710943967,
  "acc_x_mean": -0.05390851801874319,
  "acc_x_std": 0.21065793046300477,
  "acc_y_max": 0.4272171122997999,
  "acc_y_mean": 0.039788393456274905,
  "acc_y_std": 0.12360683550097741,
  "acc_z_max": 0.9351678034812212,
  "acc_z_mean": 0.03158012617976948,
  "acc_z_std": 0.2970964682306469,
  "baro_pressure_hpa_max": 958.1655942578674,
  "baro_pressure_hpa_mean": 958.1623345115113,
  "baro_pressure_hpa_std": 0.001505274368929051,
  "baro_relative_altitude_m_max": -0.010337145679989815,
  "baro_relative_altitude_m_mean": -0.029817380412305822,
  "baro_relative_altitude_m_std": 0.013015782932842434,
  "grav_x_max": 1.6525374901682135,
  "grav_x_mean": 0.8134571389644656,
  "grav_x_std": 0.36221438198968586,
  "grav_y_max": -3.948054027427733,
  "grav_y_mean": -4.223154972173097,
  "grav_y_std": 0.21729272811465306,
  "grav_z_max": -8.539374394455551,
  "grav_z_mean": -8.802069626021916,
  "grav_z_std": 0.13707276291023326,
  "gyro_x_max": 0.3100393712520599,
  "gyro_x_mean": -0.0188467264331596,
  "gyro_x_std": 0.1581895266900424,
  "gyro_y_max": 0.1885147988796234,
  "gyro_y_mean": -0.08577493272864693,
  "gyro_y_std": 0.14916429445666915,
  "gyro_z_max": 0.1148986667394638,
  "gyro_z_mean": -0.053241774324549,
  "gyro_z_std": 0.07187875271840966,
  "orient_pitch_max": 0.5010328845616125,
  "orient_pitch_mean": 0.4453519842158752,
  "orient_pitch_std": 0.024700428389786706,
  "orient_qw_max": -0.513505810526246,
  "orient_qw_mean": -0.5454016001659377,
  "orient_qw_std": 0.015257337434403936,
  "orient_qx_max": -0.1321361395248399,
  "orient_qx_mean": -0.1590723166232073,
  "orient_qx_std": 0.023561510316116772,
  "orient_qy_max": 0.1740979582521711,
  "orient_qy_mean": 0.15892033474545664,
  "orient_qy_std": 0.010223727298474608,
  "orient_qz_max": 0.8306239914623496,
  "orient_qz_mean": 0.80679060574082,
  "orient_qz_std": 0.013187218710637442,
  "orient_roll_max": 0.1911568362427514,
  "orient_roll_mean": 0.09250029855085905,
  "orient_roll_std": 0.04224744783861293,
  "orient_yaw_max": -1.9371336099193663,
  "orient_yaw_mean": -1.9739363350443917,
  "orient_yaw_std": 0.03307715270343074
}