time,seconds_elapsed,relativeAltitude,pressure
1776232824940473300,-0.484526611328125,0,956.6810607910156
1776232825971293200,0.546293212890625,-0.0079345703125,956.6819763183594
