time,seconds_elapsed,relativeAltitude,pressure
1776228505402124800,-0.470875244140625,0,958.1954193115234
1776228506432472800,0.559472900390625,-0.09246826171875,958.2060241699219
