time,seconds_elapsed,relativeAltitude,pressure
1776228623351531000,-0.488468994140625,0,958.2010650634766
1776228624381878000,0.5418779296875,0.04229736328125,958.1961059570312
